folder,id,display_name,description,type,units,domain,labels,calculation,commonly_used,forms
Administrative,id,ID -participants id that is specific to this study. ,"IDs are 6 digits; however, participants who participated in a previous study in the lab will have an 8-digit ID: 2 digits following their 6-digit study id to indicate previous lab study participation and how many studies [02 at end is one previous study; 03 is two, etc.] ",identifier,,,,,,
Administrative,season,season - season at time of dems data collection; calculated using defined dates for start and end of each season in each year of study,,choices,,season,,,,
Administrative,season_demsfile,season_demsfile -variable in original demographics file defining season,,choices,,season,,,,
Administrative,session,Session -study session; refers to timepoint of data collection.,,choices,,session,,,,
Administrative,year_study,Year_Study -year of study participation. Enrollment began in 2002; every 6 mos follow up continued until last one in 2007.,,integer,,,,,,
Anthropometry,comments_peform,comments_PEForm -study team comments re tanner staging assessment recorded on physical exam form,,text,,,,,,
Anthropometry,height_physexam,height_physexam - ppts height as recorded on physical exam form during tanner assessment,,numeric,inches (in),,,,,
Anthropometry,tannero,"tannero - assessed tanner stage, other characteristics",,integer,,,,,,
Anthropometry,tannerph,"tannerph - assessed tanner stage, pubic hair",,integer,,,,,,
Anthropometry,weight_physexam,weight_physexam - ppts weight as recorded on physical exam form during tanner assessment,,numeric,pounds (lb),,,,,
Clinical Data/Neurobehavioral Assessment/Beck Depression Inventory,bdi1,bdi1 -beck depression inventory item 1 sadness,,choices,,bdi1,,,,
Clinical Data/Neurobehavioral Assessment/Beck Depression Inventory,bdi10,bdi10 -beck depression inventory item 10 crying,,choices,,bdi10,,,,
Clinical Data/Neurobehavioral Assessment/Beck Depression Inventory,bdi11,bdi11 -beck depression inventory item 11 agitation,,choices,,bdi11,,,,
Clinical Data/Neurobehavioral Assessment/Beck Depression Inventory,bdi12,bdi12 -beck depression inventory item 12 loss of interest,,choices,,bdi12,,,,
Clinical Data/Neurobehavioral Assessment/Beck Depression Inventory,bdi13,bdi13 -beck depression inventory item 13 indecisiveness,,choices,,bdi13,,,,
Clinical Data/Neurobehavioral Assessment/Beck Depression Inventory,bdi14,bdi14 -beck depression inventory item 14 worthlessness,,choices,,bdi14,,,,
Clinical Data/Neurobehavioral Assessment/Beck Depression Inventory,bdi15,bdi15 -beck depression inventory item 15 loss of energy,,choices,,bdi15,,,,
Clinical Data/Neurobehavioral Assessment/Beck Depression Inventory,bdi16,bdi16 -beck depression inventory item 16 changes in sleeping pattern,,choices,,bdi16,,,,
Clinical Data/Neurobehavioral Assessment/Beck Depression Inventory,bdi17,bdi17 -beck depression inventory item 17 irritability,,choices,,bdi17,,,,
Clinical Data/Neurobehavioral Assessment/Beck Depression Inventory,bdi18,bdi18 -beck depression inventory item 18 changes in appetite,,choices,,bdi18,,,,
Clinical Data/Neurobehavioral Assessment/Beck Depression Inventory,bdi19,bdi19 -beck depression inventory item 19 concentration difficulty,,choices,,bdi19,,,,
Clinical Data/Neurobehavioral Assessment/Beck Depression Inventory,bdi2,bdi2 -beck depression inventory item 2 pessimism,,choices,,bdi2,,,,
Clinical Data/Neurobehavioral Assessment/Beck Depression Inventory,bdi20,bdi20 -beck depression inventory item 20 tiredness or fatigue,,choices,,bdi20,,,,
Clinical Data/Neurobehavioral Assessment/Beck Depression Inventory,bdi3,bdi3 -beck depression inventory item 3 past failure,,choices,,bdi3,,,,
Clinical Data/Neurobehavioral Assessment/Beck Depression Inventory,bdi4,bdi4 -beck depression inventory item 4 loss of pleasure,,choices,,bdi4,,,,
Clinical Data/Neurobehavioral Assessment/Beck Depression Inventory,bdi5,bdi5 -beck depression inventory item 5 sadness,,choices,,bdi5,,,,
Clinical Data/Neurobehavioral Assessment/Beck Depression Inventory,bdi6,bdi6 -beck depression inventory item 6 punishment feelings,,choices,,bdi6,,,,
Clinical Data/Neurobehavioral Assessment/Beck Depression Inventory,bdi7,bdi7 -beck depression inventory item 7 self-dislike,,choices,,bdi7,,,,
Clinical Data/Neurobehavioral Assessment/Beck Depression Inventory,bdi8,bdi8 -beck depression inventory item 8 self-criticalness,,choices,,bdi8,,,,
Clinical Data/Neurobehavioral Assessment/Beck Depression Inventory,bdi9,bdi9 -beck depression inventory item 9 suicidal thoughts or wishes,,choices,,bdi9,,,,
Clinical Data/Neurobehavioral Assessment/Beck Depression Inventory,bdi_score,"bdi_score - all 20 items must have response [this modified BDI omitted item 21 as not appropriate for population). Score is mean of all 1-20 items w response, multiplied by 21 [# of items in full BDI]. Possible range: 0-63",,numeric,,,,,,
Clinical Data/Neurobehavioral Assessment/Beck Depression Inventory,bdi_score2,"bdi_score$ - missing items allowed [14/20 items required; this modified BDI omitted item 21;not appropriate for population]. Score is mean of 14 out of 20 items with response, multiplied by 21 [#of items in full BDI]. range: 0-63",,numeric,,,,,,
Clinical Data/Neurobehavioral Assessment/Center for Epidemiologic Studies Depression Scale,cesd1,cesd1 - original item from cesd data entry; items were entered on 1 to 4 scale so were recoded into new variables in 0 to 3 scale,,choices,,cesd,,,,
Clinical Data/Neurobehavioral Assessment/Center for Epidemiologic Studies Depression Scale,cesd10,cesd10 - original item from cesd data entry; items were entered on 1 to 4 scale so were recoded into new variables in 0 to 3 scale,,choices,,cesd,,,,
Clinical Data/Neurobehavioral Assessment/Center for Epidemiologic Studies Depression Scale,cesd10r,cesd10r - I felt fearful. recoded to 0 to 3 scale per original measure,,choices,,cesdr,,,,
Clinical Data/Neurobehavioral Assessment/Center for Epidemiologic Studies Depression Scale,cesd11,cesd11 - original item from cesd data entry; items were entered on 1 to 4 scale so were recoded into new variables in 0 to 3 scale,,choices,,cesd,,,,
Clinical Data/Neurobehavioral Assessment/Center for Epidemiologic Studies Depression Scale,cesd11r,cesd11r - My sleep was restless. recoded to 0 to 3 scale per original measure,,choices,,cesdr,,,,
Clinical Data/Neurobehavioral Assessment/Center for Epidemiologic Studies Depression Scale,cesd12,cesd12 - original item from cesd data entry; items were entered on 1 to 4 scale so were recoded into new variables in 0 to 3 scale,,choices,,cesd,,,,
Clinical Data/Neurobehavioral Assessment/Center for Epidemiologic Studies Depression Scale,cesd12rr,cesd12rr -pos item CESD12 - I was happy - reverse coded item cesd12r into original 3 to 0 reverse coding scale,,choices,,cesdrr,,,,
Clinical Data/Neurobehavioral Assessment/Center for Epidemiologic Studies Depression Scale,cesd13,cesd13 - original item from cesd data entry; items were entered on 1 to 4 scale so were recoded into new variables in 0 to 3 scale,,choices,,cesd,,,,
Clinical Data/Neurobehavioral Assessment/Center for Epidemiologic Studies Depression Scale,cesd13r,cesd13r - I talked less than usual. recoded to 0 to 3 scale per original measure,,choices,,cesdr,,,,
Clinical Data/Neurobehavioral Assessment/Center for Epidemiologic Studies Depression Scale,cesd14,cesd14 - original item from cesd data entry; items were entered on 1 to 4 scale so were recoded into new variables in 0 to 3 scale,,choices,,cesd,,,,
Clinical Data/Neurobehavioral Assessment/Center for Epidemiologic Studies Depression Scale,cesd14r,cesd14r - I felt lonely. recoded to 0 to 3 scale per original measure,,choices,,cesdr,,,,
Clinical Data/Neurobehavioral Assessment/Center for Epidemiologic Studies Depression Scale,cesd15,cesd15 - original item from cesd data entry; items were entered on 1 to 4 scale so were recoded into new variables in 0 to 3 scale,,choices,,cesd,,,,
Clinical Data/Neurobehavioral Assessment/Center for Epidemiologic Studies Depression Scale,cesd15r,cesd15r - People were unfriendly. recoded to 0 to 3 scale per original measure,,choices,,cesdr,,,,
Clinical Data/Neurobehavioral Assessment/Center for Epidemiologic Studies Depression Scale,cesd16,cesd16 - original item from cesd data entry; items were entered on 1 to 4 scale so were recoded into new variables in 0 to 3 scale,,choices,,cesd,,,,
Clinical Data/Neurobehavioral Assessment/Center for Epidemiologic Studies Depression Scale,cesd16rr,cesd16rr - pos item CESD16 - I enjoyed life- reverse coded item cesd16r into original 3 to 0 reverse coding scale,,choices,,cesdrr,,,,
Clinical Data/Neurobehavioral Assessment/Center for Epidemiologic Studies Depression Scale,cesd17,cesd17 - original item from cesd data entry; items were entered on 1 to 4 scale so were recoded into new variables in 0 to 3 scale,,choices,,cesd,,,,
Clinical Data/Neurobehavioral Assessment/Center for Epidemiologic Studies Depression Scale,cesd17r,cesd17r - I had crying spells. recoded to 0 to 3 scale per original measure,,choices,,cesdr,,,,
Clinical Data/Neurobehavioral Assessment/Center for Epidemiologic Studies Depression Scale,cesd18,cesd18 - original item from cesd data entry; items were entered on 1 to 4 scale so were recoded into new variables in 0 to 3 scale,,choices,,cesd,,,,
Clinical Data/Neurobehavioral Assessment/Center for Epidemiologic Studies Depression Scale,cesd18r,cesd18r - I felt sad.  recoded to 0 to 3 scale per original measure,,choices,,cesdr,,,,
Clinical Data/Neurobehavioral Assessment/Center for Epidemiologic Studies Depression Scale,cesd19,cesd19 - original item from cesd data entry; items were entered on 1 to 4 scale so were recoded into new variables in 0 to 3 scale,,choices,,cesd,,,,
Clinical Data/Neurobehavioral Assessment/Center for Epidemiologic Studies Depression Scale,cesd19r,cesd19r - I felt that people disliked me. recoded to 0 to 3 scale per original measure,,choices,,cesdr,,,,
Clinical Data/Neurobehavioral Assessment/Center for Epidemiologic Studies Depression Scale,cesd1r,cesd1r - I was bothered by things that usually don't bother me. recoded to 0 to 3 scale per original measure,,choices,,cesdr,,,,
Clinical Data/Neurobehavioral Assessment/Center for Epidemiologic Studies Depression Scale,cesd2,cesd2 - original item from cesd data entry; items were entered on 1 to 4 scale so were recoded into new variables in 0 to 3 scale,,choices,,cesd,,,,
Clinical Data/Neurobehavioral Assessment/Center for Epidemiologic Studies Depression Scale,cesd20,cesd20 - original item from cesd data entry; items were entered on 1 to 4 scale so were recoded into new variables in 0 to 3 scale,,choices,,cesd,,,,
Clinical Data/Neurobehavioral Assessment/Center for Epidemiologic Studies Depression Scale,cesd20r,"cesd20r - I could not get ""going"". recoded to 0 to 3 scale per original measure",,choices,,cesdr,,,,
Clinical Data/Neurobehavioral Assessment/Center for Epidemiologic Studies Depression Scale,cesd2r,cesd2r - I did not feel like eating; my appetite was poor. recoded to 0 to 3 scale per original measure,,choices,,cesdr,,,,
Clinical Data/Neurobehavioral Assessment/Center for Epidemiologic Studies Depression Scale,cesd3,cesd3 - original item from cesd data entry; items were entered on 1 to 4 scale so were recoded into new variables in 0 to 3 scale,,choices,,cesd,,,,
Clinical Data/Neurobehavioral Assessment/Center for Epidemiologic Studies Depression Scale,cesd3r,cesd3r - I felt that I could not shake off the blues even with help from my family or friends. recoded to 0 to 3 scale per original measure,,choices,,cesdr,,,,
Clinical Data/Neurobehavioral Assessment/Center for Epidemiologic Studies Depression Scale,cesd4,cesd4 - original item from cesd data entry; items were entered on 1 to 4 scale so were recoded into new variables in 0 to 3 scale,,choices,,cesd,,,,
Clinical Data/Neurobehavioral Assessment/Center for Epidemiologic Studies Depression Scale,cesd4rr,cesd4rr - pos item CESD4 - I felt that I was just as good as other people - reverse coded item cesd4r into 3 to 0 reverse coding scale,,choices,,cesdrr,,,,
Clinical Data/Neurobehavioral Assessment/Center for Epidemiologic Studies Depression Scale,cesd5,cesd5 - original item from cesd data entry; items were entered on 1 to 4 scale so were recoded into new variables in 0 to 3 scale,,choices,,cesd,,,,
Clinical Data/Neurobehavioral Assessment/Center for Epidemiologic Studies Depression Scale,cesd5r,cesd5r - I had trouble keeping my mind on what I was doing. recoded to 0 to 3 scale per original measure,,choices,,cesdr,,,,
Clinical Data/Neurobehavioral Assessment/Center for Epidemiologic Studies Depression Scale,cesd6,cesd6 - original item from cesd data entry; items were entered on 1 to 4 scale so were recoded into new variables in 0 to 3 scale,,choices,,cesd,,,,
Clinical Data/Neurobehavioral Assessment/Center for Epidemiologic Studies Depression Scale,cesd6r,cesd6r - I felt depressed. recoded to 0 to 3 scale per original measure,,choices,,cesdr,,,,
Clinical Data/Neurobehavioral Assessment/Center for Epidemiologic Studies Depression Scale,cesd7,cesd7 - original item from cesd data entry; items were entered on 1 to 4 scale so were recoded into new variables in 0 to 3 scale,,choices,,cesd,,,,
Clinical Data/Neurobehavioral Assessment/Center for Epidemiologic Studies Depression Scale,cesd7r,cesd7r - I felt that everything I did was an effort. recoded to 0 to 3 scale per original measure,,choices,,cesdr,,,,
Clinical Data/Neurobehavioral Assessment/Center for Epidemiologic Studies Depression Scale,cesd8,cesd8 - original item from cesd data entry; items were entered on 1 to 4 scale so were recoded into new variables in 0 to 3 scale,,choices,,cesd,,,,
Clinical Data/Neurobehavioral Assessment/Center for Epidemiologic Studies Depression Scale,cesd8rr,cesd8rr - pos item CESD8 - I felt hopeful about the future - reverse coded  item cesd8r into original 3 to 0 reverse coding scale,,choices,,cesdrr,,,,
Clinical Data/Neurobehavioral Assessment/Center for Epidemiologic Studies Depression Scale,cesd9,cesd9 - original item from cesd data entry; items were entered on 1 to 4 scale so were recoded into new variables in 0 to 3 scale,,choices,,cesd,,,,
Clinical Data/Neurobehavioral Assessment/Center for Epidemiologic Studies Depression Scale,cesd9r,cesd9r - I thought my life had been a failure. recoded to 0 to 3 scale per original measure,,choices,,cesdr,,,,
Clinical Data/Neurobehavioral Assessment/Center for Epidemiologic Studies Depression Scale,cesd_tot,"CES-D Total Score - no missing items allowed. Total score calculated using syntax that reverse codes items 4, 8, 12, and 16. Possible range: 0-60",,integer,,,,,,
Clinical Data/Neurobehavioral Assessment/Center for Epidemiologic Studies Depression Scale,cesd_tot2,"CES-D Total Score$ - missing items allowed (14/20 items required). Total score calculated using syntax that reverse codes items 4, 8, 12, and 16. Possible range: 0-60",,numeric,,,,,,
Clinical Data/Neurobehavioral Assessment,agedec_neuro,AgeDec_Neuro -participants age at time of neuropsych test as year plus decimal,,numeric,years,,,,,
Clinical Data/Neurobehavioral Assessment,comments,Study team comments regarding the data or scoring,,string,,,,,,
Clinical Data/Neurobehavioral Assessment,completer,completer *Completed both baseline and follow up Rey-O.,,choices,,yes1_no0,,,,
Clinical Data/Neurobehavioral Assessment,cond,Study condition,,choices,,cond,,,,
Clinical Data/Neurobehavioral Assessment,condition_string,Condition_string - condition as string variable. ,,choices,,condition_string,,,,
Clinical Data/Neurobehavioral Assessment,fas_a,FAS_A *Number of items completed on Verbal Fluency Test-FAS on item A.,,numeric,,,,,,
Clinical Data/Neurobehavioral Assessment,fas_f,FAS_F *Number of items completed on Verbal Fluency Test-FAS on item F.,,numeric,,,,,,
Clinical Data/Neurobehavioral Assessment,fas_s,FAS_S *Number of items completed on Verbal Fluency Test-FAS on item S.,,numeric,,,,,,
Clinical Data/Neurobehavioral Assessment,fasend,FASEND *Verbal Fluency Test-FAS end time.,,time,hh:mm,,,,,
Clinical Data/Neurobehavioral Assessment,fastart,FASTART *Verbal Fluency Test-FAS start time.,,time,hh:mm,,,,,
Clinical Data/Neurobehavioral Assessment,neuro_number, Neuro_number *Number of files per ppt in LT's neuropsych spss file.,,numeric,,,,,,
Clinical Data/Neurobehavioral Assessment,neurotest_yn,NeuroTest_yn -variable to identify presence or absence of neuropsych testing at this time point for this participant,,choices,,yes1_no0,,,,
Clinical Data/Neurobehavioral Assessment,notes,Study team comments regarding the data.,,string,,,,,,
Clinical Data/Neurobehavioral Assessment,rey_admin,Rey_admin *Rey-O administered and pulled for scoring?.,,choices,,yes1_no0,,,,
Clinical Data/Neurobehavioral Assessment,rey_copy_pct,Rey Copy percentile Score (From Rey Test booklet form completed by Rey scorer),,choices,,rey,,,,
Clinical Data/Neurobehavioral Assessment,rey_copy_raw,Rey Copy Raw Score (From Rey Test booklet form completed by Rey scorer),,numeric,,,,,,
Clinical Data/Neurobehavioral Assessment,rey_copy_start,Rey_copy_start *Rey Copy start time.,,time,hh:mm,,,,,
Clinical Data/Neurobehavioral Assessment,rey_copy_tcpct,Rey Copy percentile Score: time to copy (From Rey Test booklet form completed by Rey scorer),,choices,,rey,,,,
Clinical Data/Neurobehavioral Assessment,rey_copy_tcraw,Rey Copy Raw Score: time to copy (From Rey Test booklet form completed by Rey scorer),,numeric,,,,,,
Clinical Data/Neurobehavioral Assessment,rey_copy_time,Rey_copy_time *Rey Copy time to completion.,,time,hh:mm,,,,,
Clinical Data/Neurobehavioral Assessment,rey_ffq1,Question 1 on Rey Feedback Form,,choices,,yes1_no0,,,,
Clinical Data/Neurobehavioral Assessment,rey_ffq1_text,Rey_ffq1_text - verbatim text re ffq1 if any is written on form,,string,,,,,,
Clinical Data/Neurobehavioral Assessment,rey_ffq2,Question 2 on Rey Feedback Form,,choices,,yes1_no0,,,,
Clinical Data/Neurobehavioral Assessment,rey_ffq2_copyirtext,Rey_ffq2_copyirtext- verbatim text re ffq2 if any is written on form,,string,,,,,,
Clinical Data/Neurobehavioral Assessment,rey_ffq2_copytext,description if Q2 on Feedback Form is yes,,string,,,,,,
Clinical Data/Neurobehavioral Assessment,rey_ir_end,Rey_IR_end *Rey Immediate Recall end time.,,time,hh:mm,,,,,
Clinical Data/Neurobehavioral Assessment,rey_ir_pct,Rey IR percentile Score (From Rey Test booklet form completed by Rey scorer).,,numeric,,,,,,
Clinical Data/Neurobehavioral Assessment,rey_ir_raw,Rey IR Raw Score (From Rey Test booklet form completed by Rey scorer),,numeric,,,,,,
Clinical Data/Neurobehavioral Assessment,rey_ir_t,Rey IR T Score (From Rey Test booklet form completed by Rey scorer).,,numeric,,,,,,
Clinical Data/Neurobehavioral Assessment,rey_ir_time,Rey_IR_time *Rey Immediate Recall time to completion.,,time,hh:mm,,,,,
Clinical Data/Neurobehavioral Assessment,rey_scored,Rey_scored *Rey-O scored?.,,choices,,yes1_no0,,,,
Clinical Data/Neurobehavioral Assessment,rey_sent,Rey_sent *Rey-O sent for scoring?.,,choices,,yes1_no0,,,,
Clinical Data/Neurobehavioral Assessment,reyc01,REYC01 *Rey Copy: Detail #1.,,numeric,,,,,,
Clinical Data/Neurobehavioral Assessment,reyc02,REYC02 *Rey Copy: Detail #2.,,numeric,,,,,,
Clinical Data/Neurobehavioral Assessment,reyc03,REYC03 *Rey Copy: Detail #3.,,numeric,,,,,,
Clinical Data/Neurobehavioral Assessment,reyc04,REYC04 *Rey Copy: Detail #4.,,numeric,,,,,,
Clinical Data/Neurobehavioral Assessment,reyc05,REYC05 *Rey Copy: Detail #5.,,numeric,,,,,,
Clinical Data/Neurobehavioral Assessment,reyc06,REYC06 *Rey Copy: Detail #6.,,numeric,,,,,,
Clinical Data/Neurobehavioral Assessment,reyc07,REYC07 *Rey Copy: Detail #7.,,numeric,,,,,,
Clinical Data/Neurobehavioral Assessment,reyc08,REYC08 *Rey Copy: Detail #8.,,numeric,,,,,,
Clinical Data/Neurobehavioral Assessment,reyc09,REYC09 *Rey Copy: Detail #9.,,numeric,,,,,,
Clinical Data/Neurobehavioral Assessment,reyc10,REYC10 *Rey Copy: Detail #10.,,numeric,,,,,,
Clinical Data/Neurobehavioral Assessment,reyc11,REYC11 *Rey Copy: Detail #11.,,numeric,,,,,,
Clinical Data/Neurobehavioral Assessment,reyc12,REYC12 *Rey Copy: Detail #12.,,numeric,,,,,,
Clinical Data/Neurobehavioral Assessment,reyc13,REYC13 *Rey Copy: Detail #13.,,numeric,,,,,,
Clinical Data/Neurobehavioral Assessment,reyc14,REYC14 *Rey Copy: Detail #14.,,numeric,,,,,,
Clinical Data/Neurobehavioral Assessment,reyc15,REYC15 *Rey Copy: Detail #15.,,numeric,,,,,,
Clinical Data/Neurobehavioral Assessment,reyc16,REYC16 *Rey Copy: Detail #16.,,numeric,,,,,,
Clinical Data/Neurobehavioral Assessment,reyc17,REYC17 *Rey Copy: Detail #17.,,numeric,,,,,,
Clinical Data/Neurobehavioral Assessment,reyc18,REYC18 *Rey Copy: Detail #18.,,numeric,,,,,,
Clinical Data/Neurobehavioral Assessment,reyc_rawtot,Reyc_Rawtot *Rey Copy total score.,,numeric,,,,,,
Clinical Data/Neurobehavioral Assessment,reyir01,REYIR01 *Rey Immediate Recall: Detail #1.,,numeric,,,,,,
Clinical Data/Neurobehavioral Assessment,reyir02,REYIR02 *Rey Immediate Recall: Detail #2.,,numeric,,,,,,
Clinical Data/Neurobehavioral Assessment,reyir03,REYIR03 *Rey Immediate Recall: Detail #3.,,numeric,,,,,,
Clinical Data/Neurobehavioral Assessment,reyir04,REYIR04 *Rey Immediate Recall: Detail #4.,,numeric,,,,,,
Clinical Data/Neurobehavioral Assessment,reyir05,REYIR05 *Rey Immediate Recall: Detail #5.,,numeric,,,,,,
Clinical Data/Neurobehavioral Assessment,reyir06,REYIR06 *Rey Immediate Recall: Detail #6.,,numeric,,,,,,
Clinical Data/Neurobehavioral Assessment,reyir07,REYIR07 *Rey Immediate Recall: Detail #7.,,numeric,,,,,,
Clinical Data/Neurobehavioral Assessment,reyir08,REYIR08 *Rey Immediate Recall: Detail #8.,,numeric,,,,,,
Clinical Data/Neurobehavioral Assessment,reyir09,REYIR09 *Rey Immediate Recall: Detail #9.,,numeric,,,,,,
Clinical Data/Neurobehavioral Assessment,reyir10,REYIR10 *Rey Immediate Recall: Detail #10.,,numeric,,,,,,
Clinical Data/Neurobehavioral Assessment,reyir11,REYIR11 *Rey Immediate Recall: Detail #11.,,numeric,,,,,,
Clinical Data/Neurobehavioral Assessment,reyir12,REYIR12 *Rey Immediate Recall: Detail #12.,,numeric,,,,,,
Clinical Data/Neurobehavioral Assessment,reyir13,REYIR13 *Rey Immediate Recall: Detail #13.,,numeric,,,,,,
Clinical Data/Neurobehavioral Assessment,reyir14,REYIR14 *Rey Immediate Recall: Detail #14.,,numeric,,,,,,
Clinical Data/Neurobehavioral Assessment,reyir15,REYIR15 *Rey Immediate Recall: Detail #15.,,numeric,,,,,,
Clinical Data/Neurobehavioral Assessment,reyir16,REYIR16 *Rey Immediate Recall: Detail #16.,,numeric,,,,,,
Clinical Data/Neurobehavioral Assessment,reyir17,REYIR17 *Rey Immediate Recall: Detail #17.,,numeric,,,,,,
Clinical Data/Neurobehavioral Assessment,reyir18,REYIR18 *Rey Immediate Recall: Detail #18.,,numeric,,,,,,
Clinical Data/Neurobehavioral Assessment,reyir_rawtot,ReyIR_Rawtot *Rey Immediate Recall total score.,,numeric,,,,,,
Clinical Data/Neurobehavioral Assessment,strp_clr_comp,STRP_CLR_COMP *Total complete color naming on the Stroop task (TEST PAGE 2- Color naming).,,numeric,,,,,,
Clinical Data/Neurobehavioral Assessment,strp_clr_err,STRP_CLR_ERR *Total errors on the Stroop color naming task (TEST PAGE 2- Color naming).,,numeric,,,,,,
Clinical Data/Neurobehavioral Assessment,strp_int_comp,STRP_INT_COMP *Total complete interference on the Stroop task (TEST PAGE 3- Interference).,,numeric,,,,,,
Clinical Data/Neurobehavioral Assessment,strp_int_err,STRP_INT_ERR *Total errors interference on the Stroop task (TEST PAGE 3- Interference).,,numeric,,,,,,
Clinical Data/Neurobehavioral Assessment,strp_wrd_comp,STRP_WRD_COMP *Total complete word reading on the Stroop task (TEST PAGE 1 - Word Reading).,,numeric,,,,,,
Clinical Data/Neurobehavioral Assessment,strp_wrd_err,STRP_WRD_ERR *Total errors on the Stroop word reading task (TEST PAGE 1 - Word Reading).,,numeric,,,,,,
Clinical Data/Neurobehavioral Assessment,strpend,STRPEND *Stroop end time.,,time,hh:mm,,,,,
Clinical Data/Neurobehavioral Assessment,strpstrt,STRPSTRT *Stroop start time.,,time,hh:mm,,,,,
Clinical Data/Neurobehavioral Assessment,trails_end,TRAILS_END *Trail-making test end time.,,time,hh:mm,,,,,
Clinical Data/Neurobehavioral Assessment,trails_num,TRAILS_NUM *Trail-making test part A - Numbers.,,integer,,,,,,
Clinical Data/Neurobehavioral Assessment,trails_numlet,TRAILS_NUMLET  *Trail-making test part B - Numbers & Letters.,,integer,,,,,,
Clinical Data/Neurobehavioral Assessment,trails_strt,TRAILS_STRT  *Trail-making test start time.,,time,hh:mm,,,,,
Clinical Data/Neurobehavioral Assessment,verif_2p,Verif_2P *Data verified via 2-person error check?,,choices,,yes1_no0,,,,
Clinical Data/Neurobehavioral Assessment,yearsdiff_bslfinal,YearsDiff_bslfinal -difference in time between baseline admin and final admin; in years with decimal,,numeric,years,,,,,
General Health and Mood/Coddington Life Events Questionnaire/Parent,cod1,We have moved to a new school district during the past year.,,choices,,yes1_no0,,,,
General Health and Mood/Coddington Life Events Questionnaire/Parent,cod10,A brother or sister has been ill and had to be hospitalized during the past year.,,choices,,yes1_no0,,,,
General Health and Mood/Coddington Life Events Questionnaire/Parent,cod11,My child has been involved in a serious accident during the past year.,,choices,,yes1_no0,,,,
General Health and Mood/Coddington Life Events Questionnaire/Parent,cod12,During the last year at least one of the child’s parents died.,,choices,,yes1_no0,,,,
General Health and Mood/Coddington Life Events Questionnaire/Parent,cod13,A grandparent died within the past year.,,choices,,yes1_no0,,,,
General Health and Mood/Coddington Life Events Questionnaire/Parent,cod14,A brother or sister died during the year.,,choices,,yes1_no0,,,,
General Health and Mood/Coddington Life Events Questionnaire/Parent,cod15,One of my child’s close friends died in the past year.,,choices,,yes1_no0,,,,
General Health and Mood/Coddington Life Events Questionnaire/Parent,cod16,My child has a new brother or sister who was born during the past year.,,choices,,yes1_no0,,,,
General Health and Mood/Coddington Life Events Questionnaire/Parent,cod17,Someone else (another adult) has come to live with the family within the last year.,,choices,,yes1_no0,,,,
General Health and Mood/Coddington Life Events Questionnaire/Parent,cod18,There has been a change (either for better or worse) in the way my child is accepted by other children his or her age.,,choices,,yes1_no0,,,,
General Health and Mood/Coddington Life Events Questionnaire/Parent,cod19,One of my child’s close friends moved away during the year. ,,choices,,yes1_no0,,,,
General Health and Mood/Coddington Life Events Questionnaire/Parent,cod2,My child has had at least one outstanding personal achievement during the past year.,,choices,,yes1_no0,,,,
General Health and Mood/Coddington Life Events Questionnaire/Parent,cod20,One of my child’s pets died during the past year.,,choices,,yes1_no0,,,,
General Health and Mood/Coddington Life Events Questionnaire/Parent,cod21,One of my child’s brothers or sisters moved away from home within the last year.,,choices,,yes1_no0,,,,
General Health and Mood/Coddington Life Events Questionnaire/Parent,cod22,The child’s parents became divorced sometime during the last year.,,choices,,yes1_no0,,,,
General Health and Mood/Coddington Life Events Questionnaire/Parent,cod23,The child’s parents experienced a marital separation during this year.,,choices,,yes1_no0,,,,
General Health and Mood/Coddington Life Events Questionnaire/Parent,cod24,My child has acquired a new stepparent in the past year,,choices,,yes1_no0,,,,
General Health and Mood/Coddington Life Events Questionnaire/Parent,cod25,There has been an increase in the number of arguments between parent(s) and child this year,,choices,,yes1_no0,,,,
General Health and Mood/Coddington Life Events Questionnaire/Parent,cod26,There have been fewer arguments between parent(s) and child this year.,,choices,,yes1_no0,,,,
General Health and Mood/Coddington Life Events Questionnaire/Parent,cod27,There has been an increase in the number of arguments between the two parents this year.,,choices,,yes1_no0,,,,
General Health and Mood/Coddington Life Events Questionnaire/Parent,cod28,There have been fewer arguments between the parents this year.,,choices,,yes1_no0,,,,
General Health and Mood/Coddington Life Events Questionnaire/Parent,cod29,My child has received special recognition for athletic competition within the past year.,,choices,,yes1_no0,,,,
General Health and Mood/Coddington Life Events Questionnaire/Parent,cod3,Response to item 3 on Coddington Life Events Questionnaire - PARENT,,choices,,yes1_no0,,,,
General Health and Mood/Coddington Life Events Questionnaire/Parent,cod30,One parent has lost his or her job during the past year.,,choices,,yes1_no0,,,,
General Health and Mood/Coddington Life Events Questionnaire/Parent,cod31,My child was placed in an accelerated or “gifted” program at school within the past year.,,choices,,yes1_no0,,,,
General Health and Mood/Coddington Life Events Questionnaire/Parent,cod32,"My child received a special award (ribbon, trophy, plaque, certificate, etc.) for something done at school within the past year.",,choices,,yes1_no0,,,,
General Health and Mood/Coddington Life Events Questionnaire/Parent,cod33,"My child received a special award for some activity outside of school during the last year (ribbon, trophy, plaque, certificate, etc.)",,choices,,yes1_no0,,,,
General Health and Mood/Coddington Life Events Questionnaire/Parent,cod34,"My child has been voted or appointed to a leadership position in the last year (for example:  class officer, team captain, etc.).",,choices,,yes1_no0,,,,
General Health and Mood/Coddington Life Events Questionnaire/Parent,cod4,"Sometime during this year, my child did not make an extracurricular school activity that he or she wanted to participate in.",,choices,,yes1_no0,,,,
General Health and Mood/Coddington Life Events Questionnaire/Parent,cod5,There has been a downward change in the family’s financial status during the past year.,,choices,,yes1_no0,,,,
General Health and Mood/Coddington Life Events Questionnaire/Parent,cod6,The child’s mother began to work sometime during the past year.,,choices,,yes1_no0,,,,
General Health and Mood/Coddington Life Events Questionnaire/Parent,cod7,There has been an upward change in the family’s financial status during the past year.,,choices,,yes1_no0,,,,
General Health and Mood/Coddington Life Events Questionnaire/Parent,cod8,"In the last year, at least one parent has been seriously ill and has had to be hospitalized",,choices,,yes1_no0,,,,
General Health and Mood/Coddington Life Events Questionnaire/Parent,cod9,My child has been seriously ill during the past year and had to be placed in the hospital,,choices,,yes1_no0,,,,
General Health and Mood/Coddington Life Events Questionnaire/Student,codstu1,We have moved to a new school district during the past year.,,choices,,yes1_no0,,,,
General Health and Mood/Coddington Life Events Questionnaire/Student,codstu10,A brother or sister has been ill and had to be hospitalized during the past year.,,choices,,yes1_no0,,,,
General Health and Mood/Coddington Life Events Questionnaire/Student,codstu11,I have been involved in a serious accident during the past year.,,choices,,yes1_no0,,,,
General Health and Mood/Coddington Life Events Questionnaire/Student,codstu12,"During the last year, at least one of my parents died",,choices,,yes1_no0,,,,
General Health and Mood/Coddington Life Events Questionnaire/Student,codstu13,A grandparent died within the past year,,choices,,yes1_no0,,,,
General Health and Mood/Coddington Life Events Questionnaire/Student,codstu14,A brother or sister died during the year.,,choices,,yes1_no0,,,,
General Health and Mood/Coddington Life Events Questionnaire/Student,codstu15,One of my close friends died in the past year.,,choices,,yes1_no0,,,,
General Health and Mood/Coddington Life Events Questionnaire/Student,codstu16,I have a new brother or sister who was born during the past year.,,choices,,yes1_no0,,,,
General Health and Mood/Coddington Life Events Questionnaire/Student,codstu17,Someone else (another adult) has come to live with the family within the last year.,,choices,,yes1_no0,,,,
General Health and Mood/Coddington Life Events Questionnaire/Student,codstu18,There has been a change (either for better or worse) in the way I am accepted by other children my own age.,,choices,,yes1_no0,,,,
General Health and Mood/Coddington Life Events Questionnaire/Student,codstu19,One of my close friends moved away during the year.,,choices,,yes1_no0,,,,
General Health and Mood/Coddington Life Events Questionnaire/Student,codstu2,I have had at least one outstanding personal achievement during the past year.,,choices,,yes1_no0,,,,
General Health and Mood/Coddington Life Events Questionnaire/Student,codstu20,One of my pets died during the past year.,,choices,,yes1_no0,,,,
General Health and Mood/Coddington Life Events Questionnaire/Student,codstu21,One of my brothers or sisters moved away from home within the last year.,,choices,,yes1_no0,,,,
General Health and Mood/Coddington Life Events Questionnaire/Student,codstu22,My parents became divorced sometime during the last year.,,choices,,yes1_no0,,,,
General Health and Mood/Coddington Life Events Questionnaire/Student,codstu23,My parents experienced a marital separation during this year.,,choices,,yes1_no0,,,,
General Health and Mood/Coddington Life Events Questionnaire/Student,codstu24,I have acquired a new stepparent in the past year.,,choices,,yes1_no0,,,,
General Health and Mood/Coddington Life Events Questionnaire/Student,codstu25,There has been an increase in the number of arguments between parent(s) and me this year.,,choices,,yes1_no0,,,,
General Health and Mood/Coddington Life Events Questionnaire/Student,codstu26,There have been fewer arguments between parent(s) and me this year,,choices,,yes1_no0,,,,
General Health and Mood/Coddington Life Events Questionnaire/Student,codstu27,There has been an increase in the number of arguments between the two parents this year.,,choices,,yes1_no0,,,,
General Health and Mood/Coddington Life Events Questionnaire/Student,codstu28,There have been fewer arguments between the parents this year.,,choices,,yes1_no0,,,,
General Health and Mood/Coddington Life Events Questionnaire/Student,codstu29,I have received special recognition for athletic competition within the past year.,,choices,,yes1_no0,,,,
General Health and Mood/Coddington Life Events Questionnaire/Student,codstu3,I have had difficulties in school during the past year.,,choices,,yes1_no0,,,,
General Health and Mood/Coddington Life Events Questionnaire/Student,codstu30,One parent has lost his or her job during the past year.,,choices,,yes1_no0,,,,
General Health and Mood/Coddington Life Events Questionnaire/Student,codstu31,I was placed in an accelerated or “gifted” program at school within the past year.,,choices,,yes1_no0,,,,
General Health and Mood/Coddington Life Events Questionnaire/Student,codstu32,"I received a special award (ribbon, trophy, plaque, certificate, etc.) for something done at school within the past year.",,choices,,yes1_no0,,,,
General Health and Mood/Coddington Life Events Questionnaire/Student,codstu33,"I received a special award for some activity outside of school during the last year (ribbon, trophy, plaque, certificate, etc.)",,choices,,yes1_no0,,,,
General Health and Mood/Coddington Life Events Questionnaire/Student,codstu34,"I have been voted or appointed to a leadership position in the last year (for example: class officer, team captain, etc.).",,choices,,yes1_no0,,,,
General Health and Mood/Coddington Life Events Questionnaire/Student,codstu4,"Sometime during this year, I did not make an extracurricular school activity that I wanted to participate in",,choices,,yes1_no0,,,,
General Health and Mood/Coddington Life Events Questionnaire/Student,codstu5,There has been a downward change in the family’s financial status during the past year.,,choices,,yes1_no0,,,,
General Health and Mood/Coddington Life Events Questionnaire/Student,codstu6,My mother began to work sometime during the past year.,,choices,,yes1_no0,,,,
General Health and Mood/Coddington Life Events Questionnaire/Student,codstu7,There has been an upward change in the family’s financial status during the past year.,,choices,,yes1_no0,,,,
General Health and Mood/Coddington Life Events Questionnaire/Student,codstu8,"In the last year, at least one parent has been seriously ill and has had to be hospitalized",,choices,,yes1_no0,,,,
General Health and Mood/Coddington Life Events Questionnaire/Student,codstu9,I have been seriously ill during the past year and had to be placed in the hospital.,,choices,,yes1_no0,,,,
General Health and Mood/Revised Children's Manifest Anxiety Scale,rcmas1,Response to item 1 on Revised Children's Manifest Anxiety Scale,,choices,,yes1_no0,,,,
General Health and Mood/Revised Children's Manifest Anxiety Scale,rcmas10,Response to item 10 on Revised Children's Manifest Anxiety Scale,,choices,,yes1_no0,,,,
General Health and Mood/Revised Children's Manifest Anxiety Scale,rcmas11,Response to item 11 on Revised Children's Manifest Anxiety Scale,,choices,,yes1_no0,,,,
General Health and Mood/Revised Children's Manifest Anxiety Scale,rcmas12,Response to item 12 on Revised Children's Manifest Anxiety Scale,,choices,,yes1_no0,,,,
General Health and Mood/Revised Children's Manifest Anxiety Scale,rcmas13,Response to item 13 on Revised Children's Manifest Anxiety Scale,,choices,,yes1_no0,,,,
General Health and Mood/Revised Children's Manifest Anxiety Scale,rcmas14,Response to item 14 on Revised Children's Manifest Anxiety Scale,,choices,,yes1_no0,,,,
General Health and Mood/Revised Children's Manifest Anxiety Scale,rcmas15,Response to item 15 on Revised Children's Manifest Anxiety Scale,,choices,,yes1_no0,,,,
General Health and Mood/Revised Children's Manifest Anxiety Scale,rcmas16,Response to item 16 on Revised Children's Manifest Anxiety Scale,,choices,,yes1_no0,,,,
General Health and Mood/Revised Children's Manifest Anxiety Scale,rcmas17,Response to item 17 on Revised Children's Manifest Anxiety Scale,,choices,,yes1_no0,,,,
General Health and Mood/Revised Children's Manifest Anxiety Scale,rcmas18,Response to item 18 on Revised Children's Manifest Anxiety Scale,,choices,,yes1_no0,,,,
General Health and Mood/Revised Children's Manifest Anxiety Scale,rcmas19,Response to item 19 on Revised Children's Manifest Anxiety Scale,,choices,,yes1_no0,,,,
General Health and Mood/Revised Children's Manifest Anxiety Scale,rcmas2,Response to item 2 on Revised Children's Manifest Anxiety Scale,,choices,,yes1_no0,,,,
General Health and Mood/Revised Children's Manifest Anxiety Scale,rcmas20,Response to item 20 on Revised Children's Manifest Anxiety Scale,,choices,,yes1_no0,,,,
General Health and Mood/Revised Children's Manifest Anxiety Scale,rcmas21,Response to item 21 on Revised Children's Manifest Anxiety Scale,,choices,,yes1_no0,,,,
General Health and Mood/Revised Children's Manifest Anxiety Scale,rcmas22,Response to item 22 on Revised Children's Manifest Anxiety Scale,,choices,,yes1_no0,,,,
General Health and Mood/Revised Children's Manifest Anxiety Scale,rcmas23,Response to item 23 on Revised Children's Manifest Anxiety Scale,,choices,,yes1_no0,,,,
General Health and Mood/Revised Children's Manifest Anxiety Scale,rcmas24,Response to item 24 on Revised Children's Manifest Anxiety Scale,,choices,,yes1_no0,,,,
General Health and Mood/Revised Children's Manifest Anxiety Scale,rcmas25,Response to item 25 on Revised Children's Manifest Anxiety Scale,,choices,,yes1_no0,,,,
General Health and Mood/Revised Children's Manifest Anxiety Scale,rcmas26,Response to item 26 on Revised Children's Manifest Anxiety Scale,,choices,,yes1_no0,,,,
General Health and Mood/Revised Children's Manifest Anxiety Scale,rcmas27,Response to item 27 on Revised Children's Manifest Anxiety Scale,,choices,,yes1_no0,,,,
General Health and Mood/Revised Children's Manifest Anxiety Scale,rcmas28,Response to item 28 on Revised Children's Manifest Anxiety Scale,,choices,,yes1_no0,,,,
General Health and Mood/Revised Children's Manifest Anxiety Scale,rcmas29,Response to item 29 on Revised Children's Manifest Anxiety Scale,,choices,,yes1_no0,,,,
General Health and Mood/Revised Children's Manifest Anxiety Scale,rcmas3,Response to item 3 on Revised Children's Manifest Anxiety Scale,,choices,,yes1_no0,,,,
General Health and Mood/Revised Children's Manifest Anxiety Scale,rcmas30,Response to item 30 on Revised Children's Manifest Anxiety Scale,,choices,,yes1_no0,,,,
General Health and Mood/Revised Children's Manifest Anxiety Scale,rcmas31,Response to item 31 on Revised Children's Manifest Anxiety Scale,,choices,,yes1_no0,,,,
General Health and Mood/Revised Children's Manifest Anxiety Scale,rcmas32,Response to item 32 on Revised Children's Manifest Anxiety Scale,,choices,,yes1_no0,,,,
General Health and Mood/Revised Children's Manifest Anxiety Scale,rcmas33,Response to item 33 on Revised Children's Manifest Anxiety Scale,,choices,,yes1_no0,,,,
General Health and Mood/Revised Children's Manifest Anxiety Scale,rcmas34,Response to item 34 on Revised Children's Manifest Anxiety Scale,,choices,,yes1_no0,,,,
General Health and Mood/Revised Children's Manifest Anxiety Scale,rcmas35,Response to item 35 on Revised Children's Manifest Anxiety Scale,,choices,,yes1_no0,,,,
General Health and Mood/Revised Children's Manifest Anxiety Scale,rcmas36,Response to item 36 on Revised Children's Manifest Anxiety Scale,,choices,,yes1_no0,,,,
General Health and Mood/Revised Children's Manifest Anxiety Scale,rcmas37,Response to item 37 on Revised Children's Manifest Anxiety Scale,,choices,,yes1_no0,,,,
General Health and Mood/Revised Children's Manifest Anxiety Scale,rcmas4,Response to item 4 on Revised Children's Manifest Anxiety Scale,,choices,,yes1_no0,,,,
General Health and Mood/Revised Children's Manifest Anxiety Scale,rcmas5,Response to item 5 on Revised Children's Manifest Anxiety Scale,,choices,,yes1_no0,,,,
General Health and Mood/Revised Children's Manifest Anxiety Scale,rcmas6,Response to item 6 on Revised Children's Manifest Anxiety Scale,,choices,,yes1_no0,,,,
General Health and Mood/Revised Children's Manifest Anxiety Scale,rcmas7,Response to item 7 on Revised Children's Manifest Anxiety Scale,,choices,,yes1_no0,,,,
General Health and Mood/Revised Children's Manifest Anxiety Scale,rcmas8,Response to item 8 on Revised Children's Manifest Anxiety Scale,,choices,,yes1_no0,,,,
General Health and Mood/Revised Children's Manifest Anxiety Scale,rcmas9,Response to item 9 on Revised Children's Manifest Anxiety Scale,,choices,,yes1_no0,,,,
General Health and Mood/Revised Children's Manifest Anxiety Scale,rcmas_sum,rcmas_sum -sum of items 1;2;3;5;6;7;9;10;11;13;14;15;17;18;19;21;22;23;25;26;27;29;30;31;33;34;35;37 per rcmas scoring instructions. Range: 0 - 28,,numeric,,,,,,
General Health and Mood,actime,Actual start time for this ss admin,,time,hh:mm,,,,,
General Health and Mood,days_numbersincefirstsessionstart,days_numbersincefirstsessionstart -variable to identify number of days this row of data is from the very first day of their first inlab session; NOTE: most IDs have only session 1 data,,numeric,days,,,,,
General Health and Mood,days_numbersincesessionstart,days_numbersincesessionstart -variable to identify span of days from start of this inlab session to the last day of the same session,,numeric,days,,,,,
General Health and Mood,mood_day_sequence,"day_sequence - variable to identify order of data collection days for each session 1 is first day of inlab session, then numbers are continuous for rest of that session. To sort in order of administration sort by: ID, Session, day_sequence.",,numeric,,,,,,
General Health and Mood,mood_year_study,Year this row of data was collected,,numeric,,,,,,
General Health and Mood,schtim,Scheduled start time for ss admin per study protocols.,,time,hh:mm,,,,,
General Health and Mood,study_cond,Study condition.,,choices,,study_condition,,,,
Harmonized/Administrative,nsrrid,NSRR subject ID,This subject identifier was created by the National Sleep Research Resource (NSRR) team to more easily match with file downloads. Source: :id:,identifier,,,,,TRUE,
Harmonized/Demographic,nsrr_age,Subject age,"Harmonized by the NSRR team to align with <a href=""https://github.com/UW-GAC/topmed-dcc-harmonized-phenotypes"" target=""_blank"">TOPMed</a> and <a href=""https://github.com/uc-cdis/gtex-dictionary/tree/master/gdcdictionary/schemas/"" target=""_blank"">BioDataCatalyst standards</a>. Source: :agedec_stdate:",numeric,years,,,,TRUE,
Harmonized/Demographic,nsrr_ethnicity,Subject ethnicity,"Harmonized by the NSRR team to align with <a href=""https://github.com/UW-GAC/topmed-dcc-harmonized-phenotypes"" target=""_blank"">TOPMed</a> and <a href=""https://github.com/uc-cdis/gtex-dictionary/tree/master/gdcdictionary/schemas/"" target=""_blank"">BioDataCatalyst standards</a>. Source: :ethnicity_hispanicorlatino:",choices,,nsrr_ethnicity,,,TRUE,
Harmonized/Demographic,nsrr_race,Subject race,"Harmonized by the NSRR team to align with <a href=""https://github.com/UW-GAC/topmed-dcc-harmonized-phenotypes"" target=""_blank"">TOPMed</a> and <a href=""https://github.com/uc-cdis/gtex-dictionary/tree/master/gdcdictionary/schemas/"" target=""_blank"">BioDataCatalyst standards</a>. Source: :race:",choices,,nsrr_race,,,TRUE,
Harmonized/Demographic,nsrr_sex,Subject sex,"Harmonized by the NSRR team to align with <a href=""https://github.com/UW-GAC/topmed-dcc-harmonized-phenotypes"" target=""_blank"">TOPMed</a> and <a href=""https://github.com/uc-cdis/gtex-dictionary/tree/master/gdcdictionary/schemas/"" target=""_blank"">BioDataCatalyst standards</a>. Source: :female_yesno:",choices,,nsrr_sex,,,TRUE,
Lifestyle and Behavioral Health/Alcohol and Drug Inventory,adi1,"How often do you drink BEER, LIQUOR, or WINE?",,choices,,adi1,,,,
Lifestyle and Behavioral Health/Alcohol and Drug Inventory,adi2,Has your experience with alcohol been only during religious ceremonies?,,choices,,yes_no_never,,,,
Lifestyle and Behavioral Health/Alcohol and Drug Inventory,adi3,"In your lifetime, on how many occasions have you had a drink of BEER, LIQUOR, or WINE?",,choices,,adi3,,,,
Lifestyle and Behavioral Health/Alcohol and Drug Inventory,adi4,"When you drink BEER, LIQUOR, or WINE, have you ever had 3 or more drinks on a given occasion?",,choices,,yes_no_never,,,,
Lifestyle and Behavioral Health/Alcohol and Drug Inventory,adi5,"In your lifetime, have you ever been ""drunk,"" ""wasted,"" ""loaded,"" or ""high"" from drinking BEER, LIQUOR, or WINE?",,choices,,yes_no_never,,,,
Lifestyle and Behavioral Health/Alcohol and Drug Inventory,adi6c,Do you use any of the following drugs? ,,choices,,yes1_no0,,,,
Lifestyle and Behavioral Health/Alcohol and Drug Inventory,adi6h,Do you use any of the following drugs? ,,choices,,yes1_no0,,,,
Lifestyle and Behavioral Health/Alcohol and Drug Inventory,adi6m,Do you use any of the following drugs? ,,choices,,yes1_no0,,,,
Lifestyle and Behavioral Health/Alcohol and Drug Inventory,adi6o,Do you use any of the following drugs? ,,choices,,yes1_no0,,,,
Lifestyle and Behavioral Health/Alcohol and Drug Inventory,adi6s,Do you use any of the following drugs? ,,choices,,yes1_no0,,,,
Lifestyle and Behavioral Health/Alcohol and Drug Inventory,adi6st,Do you use any of the following drugs? ,,choices,,yes1_no0,,,,
Lifestyle and Behavioral Health/Alcohol and Drug Inventory,adi7d1,Name of drug1 y/n.,,choices,,drug,,,,
Lifestyle and Behavioral Health/Alcohol and Drug Inventory,adi7d1a,"How much drug per occasion drug1 - # of times used per day, on average",,numeric,,,,,,
Lifestyle and Behavioral Health/Alcohol and Drug Inventory,adi7d1u,How many days per week drug1,,choices,,drug_how_often,,,,
Lifestyle and Behavioral Health/Alcohol and Drug Inventory,adi7d2,"How much drug per occasion drug2 - # of times used per day, on average",,choices,,drug,,,,
Lifestyle and Behavioral Health/Alcohol and Drug Inventory,adi7d2a,How much drug per occasion drug2,,numeric,,,,,,
Lifestyle and Behavioral Health/Alcohol and Drug Inventory,adi7d2u,How many days per week drug2,,choices,,drug_how_often,,,,
Lifestyle and Behavioral Health/Alcohol and Drug Inventory,adi7d3,Name of drug3 y/n,,choices,,drug,,,,
Lifestyle and Behavioral Health/Alcohol and Drug Inventory,adi7d3a,"How much drug per occasion drug3 - # of times used per day, on average",,numeric,,,,,,
Lifestyle and Behavioral Health/Alcohol and Drug Inventory,adi7d3u,How many days per week drug3,,choices,,drug_how_often,,,,
Lifestyle and Behavioral Health/Alcohol and Drug Inventory,drug1,name of 1st drug checked on page 2 of form: Have you ever used any of the following drugs? (Check all that apply),,string,,,,,,
Lifestyle and Behavioral Health/Alcohol and Drug Inventory,drug2,name of 2nd drug checked on page 2 of form: Have you ever used any of the following drugs? (Check all that apply),,string,,,,,,
Lifestyle and Behavioral Health/Alcohol and Drug Inventory,drug3,name of 3rd drug checked on page 2 of form: Have you ever used any of the following drugs? (Check all that apply),,string,,,,,,
Lifestyle and Behavioral Health/Alcohol and Drug Inventory,druguse,druguse -Endorse drug use y/n.,,choices,,drug_yes1_no0,,,,
Lifestyle and Behavioral Health/Rutter Childrens Behaviour Questionnaire,comments_additional,comments_additional - study team comments re this row of data for this participant,,string,,,,,,
Lifestyle and Behavioral Health/Rutter Childrens Behaviour Questionnaire,rut1,Do yo often have backaches?,,choices,,rut,,,,
Lifestyle and Behavioral Health/Rutter Childrens Behaviour Questionnaire,rut10,Do people often annoy and imitate you?,,choices,,rut,,,,
Lifestyle and Behavioral Health/Rutter Childrens Behaviour Questionnaire,rut11,"Have you at times had a twitching of the face, head, or shoulders?",,choices,,rut,,,,
Lifestyle and Behavioral Health/Rutter Childrens Behaviour Questionnaire,rut12,Did you often suddenly become scared for no good reason?,,choices,,rut,,,,
Lifestyle and Behavioral Health/Rutter Childrens Behaviour Questionnaire,rut13,Are you scared to be alone when there are no friends near you?,,choices,,rut,,,,
Lifestyle and Behavioral Health/Rutter Childrens Behaviour Questionnaire,rut14,Are you easily updey or imitated?,,choices,,rut,,,,
Lifestyle and Behavioral Health/Rutter Childrens Behaviour Questionnaire,rut15,Are you frighened of going out alone or of meeting people?,,choices,,rut,,,,
Lifestyle and Behavioral Health/Rutter Childrens Behaviour Questionnaire,rut16,Are you constantly keyed up and jittery?,,choices,,rut,,,,
Lifestyle and Behavioral Health/Rutter Childrens Behaviour Questionnaire,rut17,Do you suffer from indigestion?,,choices,,rut,,,,
Lifestyle and Behavioral Health/Rutter Childrens Behaviour Questionnaire,rut18,Do you often suffer from indigestion?,,choices,,rut,,,,
Lifestyle and Behavioral Health/Rutter Childrens Behaviour Questionnaire,rut19,Is your appetite poor?,,choices,,rut,,,,
Lifestyle and Behavioral Health/Rutter Childrens Behaviour Questionnaire,rut2,Do yu feel tired most of the time?,,choices,,rut,,,,
Lifestyle and Behavioral Health/Rutter Childrens Behaviour Questionnaire,rut20,Dies every little thing get on your nerves and wear you out?,,choices,,rut,,,,
Lifestyle and Behavioral Health/Rutter Childrens Behaviour Questionnaire,rut21,Do your hear often race like mad?,,choices,,rut,,,,
Lifestyle and Behavioral Health/Rutter Childrens Behaviour Questionnaire,rut22,Do you often have bad pains in your eyes?,,choices,,rut,,,,
Lifestyle and Behavioral Health/Rutter Childrens Behaviour Questionnaire,rut23,Are you troubled with aches or pains?,,choices,,rut,,,,
Lifestyle and Behavioral Health/Rutter Childrens Behaviour Questionnaire,rut24,Have you ever had a nervous breakdown?,,choices,,rut,,,,
Lifestyle and Behavioral Health/Rutter Childrens Behaviour Questionnaire,rut3,Do you often feel miserable or depressed?,,choices,,rut,,,,
Lifestyle and Behavioral Health/Rutter Childrens Behaviour Questionnaire,rut4,Do you often have dab headaches?,,choices,,rut,,,,
Lifestyle and Behavioral Health/Rutter Childrens Behaviour Questionnaire,rut5,Do you often get worried about things?,,choices,,rut,,,,
Lifestyle and Behavioral Health/Rutter Childrens Behaviour Questionnaire,rut6,Do you usually have great difficulty in falling asleep or staying asleep?,,choices,,rut,,,,
Lifestyle and Behavioral Health/Rutter Childrens Behaviour Questionnaire,rut7,Do you usually wake unnecessarily early in the morning?,,choices,,rut,,,,
Lifestyle and Behavioral Health/Rutter Childrens Behaviour Questionnaire,rut8,Do you wear yourself out worrying about your health?,,choices,,rut,,,,
Lifestyle and Behavioral Health/Rutter Childrens Behaviour Questionnaire,rut9,Do you often get into a violent rage?,,choices,,rut,,,,
Lifestyle and Behavioral Health/Rutter Childrens Behaviour Questionnaire,rutter_total,Rutter_TOTAL - sum of all responses to rutter items 1 through 24.,,integer,,,,,,
Medical History,adisf,adisf -result of adis for father.,,choices,,aud,,,,
Medical History,adism,adism -result of adis for mother.,,choices,,aud,,,,
Medical History,famhx_etoh_status,"FamHx_ETOH_status --variable to specify either the absence of etoh disorder in the parents, or if present, in which parent or both.",,choices,,parent_status,,,,
Medical History,famhx_etoh_yn,FamHx_ETOH_yn -variable to identify presence or absence of any parent with a history of an etoh disorder [abuse or dependence].,,choices,,parent,,,,
Sleep Monitoring/Actigraphy,accx,accx -Acceleration index (change in activity rate during interval),,numeric,,,,,,
Sleep Monitoring/Actigraphy,actigraphy_day_sequence,day_sequence - variable to identify order/sequence of actigraphy days for each participant. ,"1 is first day of recorded actigraphy, then numbers are continuous for the full time frame of their participation in the study. Variable to identify sequence in the absence of date information. Can be used to sort file in order of date of data collection in lieu of having date variable in file. NOTE: final number indicates total number of days of actigraphy data for each participant.",numeric,,,,,,
Sleep Monitoring/Actigraphy,actigraphy_year_study,Year_Study -year of study participation,,numeric,,,,,,
Sleep Monitoring/Actigraphy,actx,actx -Activity index (percent of epochs with an activity score greater than 0),,numeric,,,,,,
Sleep Monitoring/Actigraphy,amean,amean -Activity Mean -Average activity score,,numeric,counts,,,,,
Sleep Monitoring/Actigraphy,amed,amed -Activity Median - Median activity score ,,numeric,counts,,,,,
Sleep Monitoring/Actigraphy,asd,asd -Activity SD - Standard deviation of activity mean,,numeric,,,,,,
Sleep Monitoring/Actigraphy,bad,bad -Bad Epochs - Total epochs marked as bad,,numeric,,,,,,
Sleep Monitoring/Actigraphy,bwr,bwr -Brief wake ratio: Brief Wakes (duration of 1 min or less) /√ä Number of Awakenings (Wake Episodes),,numeric,,,,,,
Sleep Monitoring/Actigraphy,days_betweensessionstartdates,days_betweensessionstartdates -variable to identify span of days from start of this sessions actigraphy days to the start of the previous sessions [startdate this session minus startdate of previous session],,numeric,days,,,,,
Sleep Monitoring/Actigraphy,days_numbersincesessiononestart,days_numbersincesessiononestart -variable to identify number of days this row of actigraphy data is from the very first day of actigraphy at baseline [date of this row of actigraphy minus date of very first day of actigraphy at baseline],,numeric,days,,,,,
Sleep Monitoring/Actigraphy,dur,dur -Duration - minutes from start to end of Interval,,numeric,minutes (min),,,,,
Sleep Monitoring/Actigraphy,eday,eday -End Day - End of sleep interval - day of the week,,string,,,,,,
Sleep Monitoring/Actigraphy,etime,etime -End Time - End of sleep interval - time,,time,hh:mm,,,,,
Sleep Monitoring/Actigraphy,intname,IntName -Interval Type - Custom intervals,,string,,,,,,
Sleep Monitoring/Actigraphy,lgsep,lgsep -Longest sleep episode -Duration of longest sleep episode,,numeric,minutes (min),,,,,
Sleep Monitoring/Actigraphy,lgwep,lgwep -Longest Wake Episode - Duration of longest wake episode,,numeric,minutes (min),,,,,
Sleep Monitoring/Actigraphy,lsep,lsep -Long sleep episodes - Number of Sleep Episodes >= duration in Options: Sleep: Sleep Statistics Criteria text box,,numeric,,,,,,
Sleep Monitoring/Actigraphy,lwep,lwep -Long wake episodes (wake episodes greater than or equal to 5 min [value specified in W2 program Options:Sleep:Sleep Statistics Criteria]),,numeric,,,,,,
Sleep Monitoring/Actigraphy,mid,mid -Midpoint - Midpoint time of interval,,time,hh:mm,,,,,
Sleep Monitoring/Actigraphy,msep,msep -Mean Sleep Episode - Mean duration of sleep episodes,,numeric,minutes (min),,,,,
Sleep Monitoring/Actigraphy,mwep,mwep -Mean Wake Episode - Mean duration of wake episodes,,numeric,minutes (min),,,,,
Sleep Monitoring/Actigraphy,pslp,pslp -Percent Sleep - Percent minutes during the interval scored as sleep (100 * Sleep/Duration),,numeric,percent (%),,,,,
Sleep Monitoring/Actigraphy,sbix,sbix -Short burst inactivity index (zero activity of 1 min duration/zero activity of any duration),,numeric,,,,,,
Sleep Monitoring/Actigraphy,sday,sday -Start Day - Start of sleep interval - day of the week,,string,,,,,,
Sleep Monitoring/Actigraphy,sday_actig,sday_actig -from scored actigraphy data file: Start Day of actigraphy collection for this session; day of the week,,string,,,,,,
Sleep Monitoring/Actigraphy,season_precise,season_precise - season/time of year on this day of this session of actigraphy; based precisely on the dates defining that season in that year,,choices,,season,,,,
Sleep Monitoring/Actigraphy,season_sessionstart,Season_SessionStart - season/time of year on the first day of this session of actigraphy; season may change during the session depending on the dates defining that season in that year,,choices,,season,,,,
Sleep Monitoring/Actigraphy,seff,seff -Sleep efficiency (100 * Sleep minutes/Duration),,numeric,,,,,,
Sleep Monitoring/Actigraphy,sep,sep -Sleep Episodes - Number of sleep episodes (blocks of contiguous sleep epochs),,numeric,,,,,,
Sleep Monitoring/Actigraphy,sfx,sfx -Sleep fragmentation index (number of awakenings/total sleep time [mins] * 100),,numeric,,,,,,
Sleep Monitoring/Actigraphy,slat,slat -sleep onset latency,,numeric,,,,,,
Sleep Monitoring/Actigraphy,smin,smin -Sleep Minutes -Total minutes scored as sleep during the interval,,numeric,,,,,,
Sleep Monitoring/Actigraphy,stime,stime -Start Time -Start of sleep interval - time,,time,hh:mm,,,,,
Sleep Monitoring/Actigraphy,waso,waso -Wake After Sleep Onset - Wake min during O-O interval,,numeric,,,,,,
Sleep Monitoring/Actigraphy,wep,wep -Wake Episodes - Number of wake episodes (blocks of contiguous wake epochs),,numeric,,,,,,
Sleep Monitoring/Actigraphy,wmin,wmin -Wake Minutes - Total minutes scored as wake during the interval,,numeric,,,,,,
Sleep Monitoring/Circadian Rhythm/Melatonin,dlmo,DLMO -assessed dim light melatonin onset via saliva samples collected serially and then assayed for melatonin values [threshold = 4pg/ml] in decimalized clocktime,,numeric,,,,,,
Sleep Monitoring,sleepcond_dlmo,,,choices,,self_entrained,,,,
Sleep Questionnaires/Chronotype/Owl Morningness Eveningness Questionnaire,owl1,owl1 -Imagine: School is cancelled!  You can get up whenever you want to.  When would you get out of bed?  Between:,,choices,,owl1,,,,
Sleep Questionnaires/Chronotype/Owl Morningness Eveningness Questionnaire,owl10,owl10 -When you wake up in the morning how long does it take for you to be totally √íwith it√ì?,,choices,,owl10,,,,
Sleep Questionnaires/Chronotype/Owl Morningness Eveningness Questionnaire,owl2,owl2 -Is it easy for you to get up in the morning?,,choices,,owl2,,,,
Sleep Questionnaires/Chronotype/Owl Morningness Eveningness Questionnaire,owl3,owl3 -Gym class is set for 7:00 in the morning.  How do you think you√ïll do?,,choices,,owl3,,,,
Sleep Questionnaires/Chronotype/Owl Morningness Eveningness Questionnaire,owl4,owl4 -The bad news: You have to take a two-hour test. The good news: You can take it when you think you√ïll do your best.  What time is that?,,choices,,owl4,,,,
Sleep Questionnaires/Chronotype/Owl Morningness Eveningness Questionnaire,owl5,owl5 -When do you have the most energy to do your favorite things?,,choices,,owl5,,,,
Sleep Questionnaires/Chronotype/Owl Morningness Eveningness Questionnaire,owl6,owl6 -Your parents have decided to let you set your own bed time. What time would you pick?  Between:,,choices,,owl6,,,,
Sleep Questionnaires/Chronotype/Owl Morningness Eveningness Questionnaire,owl7,owl7 -How alert are you in the first half hour you√ïre up?,,choices,,owl7,,,,
Sleep Questionnaires/Chronotype/Owl Morningness Eveningness Questionnaire,owl8,owl8 -When does your body start to tell you it√ïs time for bed (even if you ignore it)?  Between:,,choices,,owl8,,,,
Sleep Questionnaires/Chronotype/Owl Morningness Eveningness Questionnaire,owl9,owl9 -Say you had to get up at 6:00 am every morning: What would it be like?,,choices,,owl9,,,,
Sleep Questionnaires/Chronotype/Owl Morningness Eveningness Questionnaire,owl_score,"Owl_Score -Score for Pediatric MEQ [Owl] per algorithm outlined in Carskadon, et al 1993. range: 10 [minimal morning preference] to 43 [maximal morning preference]",,integer,,,,,,
Sleep Questionnaires/Chronotype/Smith Morningness Eveningness Questionnaire,smith1,"smith1 - Considering only your own “feeling best” rhythm, at what time would you get up if you were entirely free to plan your day?",,choices,,smith1,,,,
Sleep Questionnaires/Chronotype/Smith Morningness Eveningness Questionnaire,smith10,smith10 -When would you prefer to rise (provided you have a full day of work- 8 hours) if you were totally free to arrange your time?,,choices,,smith10,,,,
Sleep Questionnaires/Chronotype/Smith Morningness Eveningness Questionnaire,smith10r,smith10r -smith item 10 -time rise workday- reverse coded per scoring key/algorithm for scoring smith,,choices,,smith10r,,,,
Sleep Questionnaires/Chronotype/Smith Morningness Eveningness Questionnaire,smith11,"smith11 -If you always had to rise at 6:00 am, what do you think it would be like?",,choices,,smith11,,,,
Sleep Questionnaires/Chronotype/Smith Morningness Eveningness Questionnaire,smith12,smith12 -How long a time does it usually take before you √írecover your senses√ì in the morning after rising from a night√ïs sleep?,,choices,,smith12,,,,
Sleep Questionnaires/Chronotype/Smith Morningness Eveningness Questionnaire,smith12r,smith12r -smith item 12 -time recover senses- reverse coded per scoring key/algorithm for scoring smith,,choices,,smith12r,,,,
Sleep Questionnaires/Chronotype/Smith Morningness Eveningness Questionnaire,smith13,smith13 -Please indicate to what extent you are a morning or evening individual.,,choices,,smith13,,,,
Sleep Questionnaires/Chronotype/Smith Morningness Eveningness Questionnaire,smith13r,smith13r -smith item 13 -morning or evening individual- reverse coded per scoring key/algorithm for scoring smith,,choices,,smith13r,,,,
Sleep Questionnaires/Chronotype/Smith Morningness Eveningness Questionnaire,smith1r,smith1r -smith item 1 -time get up- reverse coded per scoring key/algorithm for scoring smith,,choices,,smith1r,,,,
Sleep Questionnaires/Chronotype/Smith Morningness Eveningness Questionnaire,smith2,"smith2 -Considering only your own √ífeeling best√ì rhythm, at what time would you go to bed if you were entirely free to plan your evening?",,choices,,smith2,,,,
Sleep Questionnaires/Chronotype/Smith Morningness Eveningness Questionnaire,smith2r,smith2r -smith item 2 -time go to bed- reverse coded per scoring key/algorithm for scoring smith,,choices,,smith2r,,,,
Sleep Questionnaires/Chronotype/Smith Morningness Eveningness Questionnaire,smith3,"smith3 -Assuming normal circumstances, how easy do you find getting up in the morning?",,choices,,smith3,,,,
Sleep Questionnaires/Chronotype/Smith Morningness Eveningness Questionnaire,smith4,smith4 -How alert do you feel during the first half hour after having awakened in the morning? (Check one),,choices,,smith4,,,,
Sleep Questionnaires/Chronotype/Smith Morningness Eveningness Questionnaire,smith5,"smith5 -During the first half hour after having awakened in the morning, how tired do you feel?",,choices,,smith5,,,,
Sleep Questionnaires/Chronotype/Smith Morningness Eveningness Questionnaire,smith6,smith6 -You have decided to engage in some physical exercise. A friend suggests that you do this one hour twice a week and the best time for him is 7:00-8:00 am. ...how do you think you would perform?,,choices,,smith6,,,,
Sleep Questionnaires/Chronotype/Smith Morningness Eveningness Questionnaire,smith6r,smith6r -smith item 6 -time exercise- reverse coded per scoring key/algorithm for scoring smith,,choices,,smith6r,,,,
Sleep Questionnaires/Chronotype/Smith Morningness Eveningness Questionnaire,smith7,"smith7 -At what time in the evening do you feel tired and, as a result, in need of sleep?",,choices,,smith7,,,,
Sleep Questionnaires/Chronotype/Smith Morningness Eveningness Questionnaire,smith7r,smith7r -smith item 7 -time tired for bed- reverse coded per scoring key/algorithm for scoring smith,,choices,,smith7r,,,,
Sleep Questionnaires/Chronotype/Smith Morningness Eveningness Questionnaire,smith8,smith8 -You wish to be at your peak performance for a test which you know is going to be mentally exhausting and lasting two hours. ... which ONE of the four testing times would you choose?,,choices,,smith8,,,,
Sleep Questionnaires/Chronotype/Smith Morningness Eveningness Questionnaire,smith8r,smith8r -smith item 8 -time test- reverse coded per scoring key/algorithm for scoring smith,,choices,,smith8r,,,,
Sleep Questionnaires/Chronotype/Smith Morningness Eveningness Questionnaire,smith9,smith9 -One hears about √ímorning√ì and √íevening√ì types of people.  Which ONE of these types do you consider yourself to be?,,choices,,smith9,,,,
Sleep Questionnaires/Chronotype/Smith Morningness Eveningness Questionnaire,smith9r,smith9r -smith item 9 -morning or evening type- reverse coded per scoring key/algorithm for scoring smith,,choices,,smith9r,,,,
Sleep Questionnaires/Chronotype/Smith Morningness Eveningness Questionnaire,smith_me_type,SMITH_ME_Type -ppts chronotype based on their SMITH total$ score.,,choices,,type,,,,
Sleep Questionnaires/Chronotype/Smith Morningness Eveningness Questionnaire,smith_tot,"SMITH_TOT -Smith total score. items 1,2,6,7,8,9,10,12,13 reverse coded; all 13 items required. range 13 to 55",,integer,,,,,,
Sleep Questionnaires/Chronotype/Smith Morningness Eveningness Questionnaire,smith_tot2,"SMITH_TOT$ -Smith total score. items 1,2,6,7,8,9,10,12,13 reverse coded; 9 out of 13 items required. range 13 to 55",,numeric,,,,,,
Sleep Questionnaires/Sleep Habits Survey,shs_pds_score,SHS_PDS_score -SHS_PDS_score -pubertal development scale score per original measure directions: mean of all items. Range: 1-4. All items must be present to get score,,numeric,,,,,,
Sleep Questionnaires/Sleep Habits Survey,shs_pds_score2,"SHS_PDS_score$ -SHS_PDS_score$ -pubertal development scale score per original measure directions: mean of all items, allowing for missing items. Range: 1-4. 4 of 5 items must be present to get score",,numeric,,,,,,
Sleep Questionnaires/Sleep Habits Survey,shs_pubertal_category,SHS_Pubertal_Category -pubertal category using items from the pubertal development scale.  Range1-5. All items must be present to get score,,integer,,,,,,
Sleep Questionnaires/Sleep Habits Survey,shs_pubertal_category2,SHS_Pubertal_Category$ -pubertal category using items from the pubertal development scale [SHS_Pubertal_Category_Sum$].  Range1-5. for girls menarche data must be present to get score,,integer,,,,,,
Sleep Questionnaires/Stanford Sleepiness Scale (SSS),alert,How alert do you feel? 0 [very little] - 100 [very much],,numeric,,,,,,
Sleep Questionnaires/Stanford Sleepiness Scale (SSS),calm,How calm do you feel? 0 [very little] - 100 [very much],,numeric,,,,,,
Sleep Questionnaires/Stanford Sleepiness Scale (SSS),effort,How much of an effort is it to do anything? 0 [very little] - 100 [very much],,numeric,,,,,,
Sleep Questionnaires/Stanford Sleepiness Scale (SSS),happy,How happy do you feel? 0 [very little] - 100 [very much],,numeric,,,,,,
Sleep Questionnaires/Stanford Sleepiness Scale (SSS),overall,"Overall, how do you feel? 0 [Very bad] - 100 [Very good]",,numeric,,,,,,
Sleep Questionnaires/Stanford Sleepiness Scale (SSS),sad,How sad do you feel? 0 [very little] - 100 [very much],,numeric,,,,,,
Sleep Questionnaires/Stanford Sleepiness Scale (SSS),sleepy,How sleepy do you feel? 0 [very little] - 100 [very much],,numeric,,,,,,
Sleep Questionnaires/Stanford Sleepiness Scale (SSS),sss,Stanford Sleepiness Scale 1 - 7 with descriptions. How do you feel?,,numeric,,,,,,
Sleep Questionnaires/Stanford Sleepiness Scale (SSS),tense,How tense do you feel? 0 [very little] - 100 [very much],,numeric,,,,,,
Sleep Questionnaires/Stanford Sleepiness Scale (SSS),weary,How weary do you feel? 0 [very little] - 100 [very much],,numeric,,,,,,
Sociodemographics/Education,educ1,"EDUC1 -Fathers educational level, Q#; 1-8, a=1, b=2, c=3, d=4, e=5, f=6, g=7, h=8",,integer,,,,,,
Sociodemographics/Education,educ2,"EDUC2 -Mothers educational level, Q#; 1-8, a=1, b=2, c=3, d=4, e=5, f=6, g=7, h=8",,integer,,,,,,
Sociodemographics/Socioeconomic Status,ses1,"SES1 Hollingshead Index of Social Status, father 0-9",,integer,,,,,,
Sociodemographics/Socioeconomic Status,ses2,"SES2 Hollingshead Index of Social Status, mother 0-9",,integer,,,,,,
Sociodemographics,agedec_stdate,agedec_stdate - ppts age as decimal - year and number of months as decimal fraction - at time of inlab start,,numeric,years,,,,,
Sociodemographics,agem,agem -ppts age months portion; from SMAFH. completed prior to inlab,,numeric,,,,,,
Sociodemographics,agey,agey -ppts age years portion; from SMAFH. completed prior to inlab,,integer,years,,,,,
Sociodemographics,ethnicity_hispanicorlatino,Ethnicity_HispanicOrLatino -ppts ethnicity per their responses to the 1 question race item; Hispanic or Latino was included with race options in this item.,,choices,,ethnicity,,,,
Sociodemographics,female_yesno,"Female_yesno -participant is female, yes or no. Variable to identify participant's gender.",,choices,,sex,,,,
Sociodemographics,race,Race -ppts race as reported on SMEFH per categories employed in 2002.,,choices,,race,,,,